https://mesonet.agron.iastate.edu/COOP/extremes.php?station=PA6370&network=PACLIMATE&tbl=climate,Date,Precip,Formatted Date,Years,Avg High,Max High,Year Max High Old,Year Max High,Min High,Year Min High Old,Year Min High,Avg Low,Max Low,Year Max Low,Min Low,Year Min Low Old,Year Min Low,Avg Precip,Max Precip,Year Max Precip Old,Year Max Precip
https://www.cocorahs.org/ViewData/StationPrecipSummary.aspx,2020-01-01,0,01 Jan,72,42.8,64,1973,1973,16,2018,2018,25.3,47,1966,4,2018,2018,0.11,1.35,1976,1976
https://www.pwsweather.com/station/klom?date=2020-11-01&timespan=month,2020-01-02,0,02 Jan,72,42,64,2005,2005,19,2018,2018,25.2,52,1979,3,1968,1968,0.08,1.09,2003,2003
3,2020-01-03,0.07,03 Jan,72,42.2,63,2000,2000,22,2018,2018,25.6,44,2000,6,2018,2018,0.14,1.43,2006,2006
4,2020-01-04,0.2,04 Jan,72,41.7,67,1950,1950,16,1979,1979,26,53,1950,4,2014,2014,0.11,1.1,1982,1982
5,2020-01-05,0.02,05 Jan,72,40.3,65,1950,1950,18,1981,1981,24.2,51,1950,4,1981,1981,0.09,1.55,1971,1971
6,2020-01-06,0,06 Jan,72,40.5,67,1950,1950,17,2018,2018,23.7,54,2007,6,2018,2018,0.1,1.31,1949,1949
7,2020-01-07,0,07 Jan,72,41,76,2007,2007,16,2018,2018,24,51,1998,1,2014,2014,0.13,1.34,1962,1962
8,2020-01-08,0.09,08 Jan,72,39.2,69,2008,2008,13,2014,2014,22.9,51,1998,2,2014,2014,0.14,1.82,1996,1996
9,2020-01-09,0,09 Jan,72,38.3,68,2008,2008,11,1970,1970,23,48,1998,0,1981,1981,0.1,1.46,1953,1953
10,2020-01-10,0,10 Jan,72,39.2,62,2008,2008,19,1976,1976,23.1,44,1972,0,2004,2004,0.1,1.29,1964,1964
11,2020-01-11,0,11 Jan,72,38.5,65,2016,2016,11,1982,1982,22.6,45,1975,-4,1988,1988,0.12,1.81,1965,1965
12,2020-01-12,0.15,12 Jan,72,39.4,68,2020,2020,11,1982,1982,23.4,53,2020,-3,1982,1982,0.13,1.69,2012,2012
13,2020-01-13,0,13 Jan,72,40.5,65,2020,2020,15,1981,1981,23.9,43,2007,-1,1981,1981,0.08,1.5,2018,2018
14,2020-01-14,0,14 Jan,72,40.9,68,2005,2005,19,1981,1981,22.1,44,2013,1,1981,1981,0.09,1.44,2005,2005
15,2020-01-15,0.03,15 Jan,72,40.9,67,1995,1995,16,1957,1957,23,54,1995,0,1988,1988,0.13,1.7,1968,1968
16,2020-01-16,0.07,16 Jan,72,39.5,64,2007,2007,15,1994,1994,22.1,49,1995,-2,2004,2004,0.08,0.94,2013,2013
17,2020-01-17,0,17 Jan,72,40,62,1973,1973,17,1965,1965,21.1,42,1995,-8,1982,1982,0.04,1.61,1994,1994
18,2020-01-18,0,18 Jan,72,38.8,64,2006,2006,3,1982,1982,20.8,40,1995,-12,1982,1982,0.12,1.35,1978,1978
19,2020-01-19,0.49,19 Jan,72,38.7,63,1986,1986,11,1994,1994,21.3,39,1949,-7,1994,1994,0.11,1.55,2015,2015
20,2020-01-20,0,20 Jan,72,39.5,65,1951,1951,12,1994,1994,22.3,43,1986,-3,1994,1994,0.16,1.41,2019,2019
21,2020-01-21,0,21 Jan,72,39.9,62,2006,2006,15,1985,1985,21.3,36,1959,-5,1994,1994,0.09,2.11,1979,1979
22,2020-01-22,0,22 Jan,72,39.2,64,2006,2006,12,1985,1985,21.1,40,1957,-5,1985,1985,0.07,1.43,1949,1949
23,2020-01-23,0,23 Jan,72,40.3,66,1967,1967,16,2014,2014,22.4,42,1999,2,2014,2014,0.13,1.18,2016,2016
24,2020-01-24,0,24 Jan,72,40.8,70,1967,1967,13,1963,1963,23.6,40,"1972, 1999, 1967",1,1963,1963,0.16,1.64,1998,1998
25,2020-01-25,0.13,25 Jan,72,41.2,72,1967,1967,18,1961,1961,24.4,45,1967,4,2005,2005,0.18,2.13,1979,1979
26,2020-01-26,1.65,26 Jan,72,40.8,74,1950,1950,18,2004,2004,23.8,46,1967,6,1961,1961,0.22,2.58,1986,1986
27,2020-01-27,0,27 Jan,72,40.6,66,1974,1974,20,2004,2004,23,44,1952,5,2003,2003,0.11,1.65,2011,2011
28,2020-01-28,0,28 Jan,72,39.8,66,2002,2002,16,1966,1966,21.2,39,1973,2,1987,1987,0.14,1.42,1973,1973
29,2020-01-29,0,29 Jan,72,39,68,2002,2002,16,"2014, 1966",2014,21.8,40,"1970, 1974",0,1977,1977,0.05,1.32,1973,1973
30,2020-01-30,0,30 Jan,72,39.2,72,2002,2002,19,1965,1965,22.4,38,"1968, 1989, 2002",1,1977,1977,0.06,1.26,1990,1990
31,2020-01-31,0,31 Jan,72,39.5,68,2013,2013,25,1977,1977,21.6,40,2006,6,2019,2019,0.08,1.15,2013,2013
32,2020-02-01,0.06,01 Feb,72,39.4,66,2013,2013,15,1971,1971,22,40,1988,4,1961,1961,0.05,0.92,1951,1951
33,2020-02-02,0.03,02 Feb,72,40.8,66,2012,2012,16,2019,2019,23.5,40,2012,-3,1961,1961,0.11,1.23,2008,2008
34,2020-02-03,0.01,03 Feb,72,40.7,60,1991,1991,15,1976,1976,21.9,40,1983,2,1955,1955,0.15,1.78,1973,1973
35,2020-02-04,0.01,04 Feb,72,40.9,65,1991,1991,19,1996,1996,23.4,43,1952,7,1996,1996,0.16,1.36,1952,1952
36,2020-02-05,0.04,05 Feb,72,41.2,67,1991,1991,18,1996,1996,23.6,40,1962,-2,1996,1996,0.12,1.59,2014,2014
37,2020-02-06,0.5,06 Feb,72,40.1,66,2019,2019,19,2007,2007,23.1,43,"1960, 2008",-3,1996,1996,0.07,1.13,2001,2001
38,2020-02-07,0.38,07 Feb,72,40.2,68,2008,2008,20,2007,2007,23.8,42,1991,3,1993,1993,0.15,1.68,2004,2004
39,2020-02-08,0.27,08 Feb,72,40.4,63,1965,1965,24,"1986, 2007",2007,23,44,1965,2,1963,1963,0.13,1.67,1965,1965
40,2020-02-09,0,09 Feb,72,40.3,64,2017,2017,22,1958,1958,22.1,37,1960,3,1967,1967,0.07,0.86,1994,1994
41,2020-02-10,0.08,10 Feb,72,40.3,63,1960,1960,18,1979,1979,23,48,1960,3,1979,1979,0.06,0.52,1962,1962
42,2020-02-11,0.67,11 Feb,72,42,67,1960,1960,18,1979,1979,23.2,41,"2020, 1960",1,1962,1962,0.11,1.1,2010,2010
43,2020-02-12,0.04,12 Feb,72,41.3,70,1981,1981,15,1979,1979,21.8,44,2018,0,1979,1979,0.12,1.15,1983,1983
44,2020-02-13,0.18,13 Feb,72,39.3,64,1951,1951,14,1979,1979,22.3,40,"1977, 2009",3,1979,1979,0.13,1.41,2008,2008
45,2020-02-14,0.1,14 Feb,72,40.8,60,1990,1990,15,1979,1979,23.3,45,1949,1,1979,1979,0.17,1.7,1983,1983
46,2020-02-15,0,15 Feb,72,42.6,74,1954,1954,14,1979,1979,24.9,45,"1984, 1949",1,1979,1979,0.09,1.08,2005,2005
47,2020-02-16,0,16 Feb,72,43.3,75,1954,1954,14,2015,2015,24.9,46,1954,2,2015,2015,0.09,0.95,1958,1958
48,2020-02-17,0,17 Feb,72,42.4,65,1976,1976,12,1958,1958,24.8,45,1976,-2,2015,2015,0.11,2,2003,2003
49,2020-02-18,0,18 Feb,72,43.4,66,2011,2011,14,1979,1979,25.2,42,1984,-5,1979,1979,0.08,1.12,1956,1956
50,2020-02-19,0,19 Feb,72,45.1,70,2011,2011,16,1979,1979,26,43,"1981, 2011",-5,1979,1979,0.1,1,"1964, 1960",1964
51,2020-02-20,0,20 Feb,72,45.8,71,2017,2017,23,1959,1959,26.3,49,1981,2,2015,2015,0.09,1.55,1972,1972
52,2020-02-21,0,21 Feb,72,45.2,73,2018,2018,20,2015,2015,26.7,50,2018,0,2015,2015,0.08,0.89,2007,2007
53,2020-02-22,0,22 Feb,72,46.1,78,2018,2018,20,1963,1963,27.3,50,2018,7,1963,1963,0.1,0.67,2015,2015
54,2020-02-23,0,23 Feb,72,45.9,63,1990,1990,28,1972,1972,28.5,44,1985,9,1972,1972,0.12,1.95,2003,2003
55,2020-02-24,0,24 Feb,72,46.3,74,2017,2017,28,"2015, 1967",2015,28.1,52,1985,6,2015,2015,0.13,1.2,2010,2010
56,2020-02-25,0,25 Feb,72,47,77,2017,2017,24,1967,1967,28.4,51,2017,10,2015,2015,0.13,1.72,1977,1977
57,2020-02-26,0.18,26 Feb,72,45.3,74,2017,2017,26,1990,1990,27.5,50,1957,7,1990,1990,0.09,1.26,1979,1979
58,2020-02-27,0.29,27 Feb,72,45.1,69,1997,1997,27,1963,1963,27.3,43,1971,7,1963,1963,0.06,0.87,1962,1962
59,2020-02-28,0,28 Feb,72,46,69,1997,1997,30,"1994, 2006",2006,27.5,43,1976,8,2014,2014,0.09,1.3,2003,2003
60,2020-02-29,0,29 Feb,18,47.8,64,2016,2016,27,1980,1980,27.9,40,"2012, 2016",13,1980,1980,0.02,0.2,1964,1964
61,2020-03-01,0,01 Mar,72,45.5,74,1972,1972,20,1980,1980,27,42,"1998, 1955",8,1980,1980,0.1,1.12,1966,1966
62,2020-03-02,0,02 Mar,72,47.5,77,1972,1972,20,1980,1980,28.9,55,1972,12,1980,1980,0.11,1.29,2007,2007
63,2020-03-03,0.02,03 Mar,72,47,69,1991,1991,25,2009,2009,28.3,45,1991,9,1950,1950,0.1,1.44,2002,2002
64,2020-03-04,0.29,04 Mar,72,45.2,67,1974,1974,22,2014,2014,28.5,44,2020,8,2014,2014,0.17,1.43,1971,1971
65,2020-03-05,0,05 Mar,72,47.6,75,1961,1961,29,1960,1960,29.4,52,2008,12,2014,2014,0.12,1.28,1993,1993
66,2020-03-06,0,06 Mar,72,47.4,75,1976,1976,31,"2015, 1978",2015,29,52,1979,8,2015,2015,0.12,1.06,1959,1959
67,2020-03-07,0.39,07 Mar,72,47.6,68,2004,2004,25,2019,2019,28.6,44,1983,8,2015,2015,0.17,2.4,1967,1967
68,2020-03-08,0,08 Mar,72,48.5,75,2000,2000,26,2007,2007,28.2,47,2009,10,2007,2007,0.1,1.4,1956,1956
69,2020-03-09,0,09 Mar,72,50.6,80,2016,2016,24,1996,1996,29.1,46,2009,10,1996,1996,0.13,2.28,1995,1995
70,2020-03-10,0,10 Mar,72,51,82,2016,2016,28,1984,1984,30.2,45,2000,8,1996,1996,0.09,1.32,1994,1994
71,2020-03-11,0.02,11 Mar,72,49.5,84,2016,2016,30,2003,2003,30,51,1955,10,1984,1984,0.09,2,1952,1952
72,2020-03-12,0,12 Mar,72,50.9,76,2016,2016,31,2017,2017,30.7,48,2006,14,1960,1960,0.07,1.07,1962,1962
73,2020-03-13,0.27,13 Mar,72,49.8,81,1990,1990,29,1984,1984,31.3,50,1977,17,1984,1984,0.14,1.49,1968,1968
74,2020-03-14,0,14 Mar,72,51.4,82,1990,1990,31,"1980, 1993",1993,32.4,50,2006,17,1993,1993,0.22,1.95,2010,2010
75,2020-03-15,0.04,15 Mar,72,52.1,79,1990,1990,29,1993,1993,32.4,49,1977,10,1993,1993,0.1,0.98,1997,1997
76,2020-03-16,0,16 Mar,72,51.8,78,1990,1990,30,"1979, 2017",2017,32.2,54,1990,15,1993,1993,0.07,1.37,1953,1953
77,2020-03-17,0.08,17 Mar,72,51.2,75,1990,1990,30,1967,1967,31.4,55,1990,17,1967,1967,0.15,2.42,2007,2007
78,2020-03-18,0.02,18 Mar,72,50,74,1989,1989,23,1967,1967,31.1,48,2012,13,1993,1993,0.09,1.27,1968,1968
79,2020-03-19,0.98,19 Mar,72,50.2,72,2012,2012,29,1956,1956,31.7,48,2012,10,1993,1993,0.17,1.94,1956,1956
80,2020-03-20,0.01,20 Mar,72,51.6,78,2012,2012,34,1965,1965,32.5,48,2012,13,1949,1949,0.19,2.56,1975,1975
81,2020-03-21,0,21 Mar,72,51.6,78,2020,2020,35,"1965, 1967",1967,33.1,58,2012,14,1986,1986,0.15,1.4,2003,2003
82,2020-03-22,0,22 Mar,72,52.4,76,1976,1976,34,2018,2018,33,58,2012,16,1988,1988,0.26,2.76,2000,2000
83,2020-03-23,0.04,23 Mar,72,52.2,78,2012,2012,34,2002,2002,32.9,52,2012,20,2004,2004,0.13,1.55,1977,1977
84,2020-03-24,0,24 Mar,72,54.3,82,2012,2012,38,1972,1972,33.2,50,2012,19,1992,1992,0.09,1.29,1993,1993
85,2020-03-25,0,25 Mar,72,55.1,80,1963,1963,34,1960,1960,33,46,"1975, 1988",20,1956,1956,0.11,1.4,1969,1969
86,2020-03-26,0.01,26 Mar,72,54.7,76,1963,1963,37,2014,2014,34.4,49,1988,20,1974,1974,0.1,1.16,1973,1973
87,2020-03-27,0,27 Mar,72,55.1,78,1998,1998,36,2014,2014,34,55,1949,18,1955,1955,0.11,1.82,1978,1978
88,2020-03-28,0.01,28 Mar,72,57.8,83,2007,2007,39,1959,1959,36.2,55,"1949, 1998",19,1990,1990,0.1,1.47,1983,1983
89,2020-03-29,1.16,29 Mar,72,58.3,82,1998,1998,37,1956,1956,37.8,56,"1989, 1998",20,2015,2015,0.15,1.45,2010,2010
90,2020-03-30,0.01,30 Mar,72,58,86,1998,1998,38,1984,1984,37.8,57,1977,20,1970,1970,0.14,1.52,2001,2001
91,2020-03-31,0.1,31 Mar,72,57.7,85,1998,1998,38,1964,1964,37,58,1987,21,1964,1964,0.17,1.63,2014,2014
92,2020-04-01,0,01 Apr,72,57.7,79,1998,1998,43,"1980, 1949",1980,37.2,59,1998,16,2003,2003,0.17,1.77,1980,1980
93,2020-04-02,0,02 Apr,72,59.9,84,1978,1978,43,1965,1965,38.6,52,"1998, 1967, 2016",24,1964,1964,0.16,2.13,1996,1996
94,2020-04-03,0,03 Apr,72,59.2,86,1963,1963,43,2018,2018,37.2,49,2009,24,1995,1995,0.15,2.89,2005,2005
95,2020-04-04,0,04 Apr,72,59.8,78,1981,1981,39,1975,1975,38.4,58,2000,23,1975,1975,0.13,1.64,1960,1960
96,2020-04-05,0,05 Apr,72,59.4,78,2011,2011,42,"1975, 1982",1982,37.6,58,1981,22,2001,2001,0.18,2.07,1984,1984
97,2020-04-06,0.03,06 Apr,72,58.3,80,2010,2010,44,"1971, 1964, 2014, 2002",2014,37.8,50,1967,25,1995,1995,0.12,1.38,1952,1952
98,2020-04-07,0,07 Apr,72,59.5,87,2010,2010,36,1982,1982,38,61,2010,15,1982,1982,0.13,1.97,1971,1971
99,2020-04-08,0.59,08 Apr,72,59.5,89,2010,2010,36,1982,1982,38.1,59,2010,20,1982,1982,0.11,1.02,1962,1962
100,2020-04-09,0.07,09 Apr,72,60.3,84,1991,1991,38,2003,2003,37.2,61,1991,20,1982,1982,0.12,0.93,1974,1974
101,2020-04-10,0.05,10 Apr,72,59.4,87,2001,2001,38,"2016, 1982",2016,37.5,64,2013,25,1950,1950,0.16,1.69,1998,1998
102,2020-04-11,0.01,11 Apr,72,60.9,88,2013,2013,43,1958,1958,38.6,60,2013,28,2016,2016,0.07,1.16,1983,1983
103,2020-04-12,0,12 Apr,72,61.9,88,2017,2017,46,1986,1986,39.2,58,2008,26,1989,1989,0.08,0.8,2008,2008
104,2020-04-13,1.15,13 Apr,72,61.8,87,1977,1977,42,"1961, 1966",1966,39.7,54,1974,24,1990,1990,0.16,1.27,1961,1961
105,2020-04-14,0.68,14 Apr,72,63.6,86,1960,1960,45,1986,1986,40.4,59,2018,24,1950,1950,0.11,1.05,2020,2020
106,2020-04-15,0.05,15 Apr,72,64.3,85,1960,1960,44,1962,1962,41.5,62,2014,29,1950,1950,0.13,1.71,2007,2007
107,2020-04-16,0,16 Apr,72,64.4,84,2012,2012,46,"1962, 2007",2007,41.2,60,"2012, 2002",28,1981,1981,0.29,4.22,2007,2007
108,2020-04-17,0,17 Apr,72,65.7,92,2002,2002,47,1951,1951,42.3,62,"2012, 2002",29,1962,1962,0.14,2.42,1986,1986
109,2020-04-18,0.06,18 Apr,72,65.5,96,2002,2002,46,2018,2018,42.7,64,2002,30,2014,2014,0.06,0.75,"2000, 1982",2000
110,2020-04-19,0,19 Apr,72,66.8,98,1976,1976,46,1965,1965,43.6,64,2002,28,1990,1990,0.05,0.85,1949,1949
111,2020-04-20,0,20 Apr,72,66.8,95,1976,1976,38,1983,1983,44.3,65,2019,31,1983,1983,0.1,1.15,2015,2015
112,2020-04-21,0,21 Apr,72,68,94,1976,1976,48,"1991, 1964",1991,44.5,66,1976,30,1953,1953,0.08,0.93,1991,1991
113,2020-04-22,0.24,22 Apr,72,67.9,92,1976,1976,52,"1991, 1981",1991,44.5,61,1977,31,1983,1983,0.07,0.66,2006,2006
114,2020-04-23,0.01,23 Apr,72,67.2,91,1985,1985,50,"2000, 2012, 2011",2012,44.5,65,1977,29,1989,1989,0.12,2.39,2012,2012
115,2020-04-24,0.73,24 Apr,72,65.6,91,2001,2001,46,1986,1986,44.2,64,2001,24,2002,2002,0.1,0.75,2020,2020
116,2020-04-25,0.21,25 Apr,72,66.6,90,1960,1960,49,"1965, 1952",1965,44.3,62,1960,31,1956,1956,0.13,1.27,1968,1968
117,2020-04-26,0.05,26 Apr,72,67.4,90,2009,2009,47,1983,1983,45,62,2011,32,1988,1988,0.16,1.47,1975,1975
118,2020-04-27,0.42,27 Apr,72,67.1,92,2009,2009,49,2020,2020,45.3,68,2011,34,1987,1987,0.18,1.65,2007,2007
119,2020-04-28,0,28 Apr,72,66.9,94,2009,2009,43,1966,1966,44.9,70,2011,32,2012,2012,0.16,2.03,1952,1952
120,2020-04-29,0,29 Apr,72,69.2,94,2009,2009,48,1964,1964,45,64,1962,33,1949,1949,0.1,0.95,2008,2008
121,2020-04-30,0,30 Apr,72,68.3,88,1974,1974,48,1964,1964,45.5,63,"1983, 2017",33,2006,2006,0.06,1,2014,2014
122,2020-05-01,1,01 May,73,69.9,83,1985,1985,52,1962,1962,46.4,65,1983,33,1978,1978,0.15,3.65,2014,2014
123,2020-05-02,0,02 May,73,70,90,2010,2010,49,1953,1953,47.9,67,1983,38,2006,2006,0.09,1.55,1976,1976
124,2020-05-03,0.08,03 May,73,70.5,92,2001,2001,56,"1985, 2012",2012,47.7,64,2010,36,1966,1966,0.14,2.43,1985,1985
125,2020-05-04,0,04 May,73,69.9,94,2001,2001,52,1957,1957,47.3,65,2018,35,1957,1957,0.13,1.45,1972,1972
126,2020-05-05,0,05 May,73,69.9,94,2001,2001,54,2009,2009,47.2,70,2001,36,1997,1997,0.1,1.29,1948,1948
127,2020-05-06,0,06 May,73,71.1,90,1949,1949,47,"1978, 1958",1978,48.6,63,1949,37,1992,1992,0.13,1.71,1989,1989
128,2020-05-07,0.18,07 May,73,70.2,92,2000,2000,46,1967,1967,47.5,63,2000,37,1996,1996,0.14,1.38,2016,2016
129,2020-05-08,0,08 May,73,71.8,94,2000,2000,54,2017,2017,48.2,64,2000,33,1997,1997,0.11,1.26,1967,1967
130,2020-05-09,0.86,09 May,73,71.3,95,2000,2000,49,2017,2017,48,68,2000,34,2020,2020,0.14,1.47,1992,1992
131,2020-05-10,0.01,10 May,73,72.1,93,2000,2000,47,2020,2020,49.4,67,2000,29,1966,1966,0.12,1.07,1998,1998
132,2020-05-11,0,11 May,73,73,90,2015,2015,52,1989,1989,50,68,2015,33,1966,1966,0.09,0.92,2013,2013
133,2020-05-12,0.07,12 May,73,74.1,90,2004,2004,57,"1951, 1998",1998,50.9,67,1985,36,1990,1990,0.16,2.74,1981,1981
134,2020-05-13,0.01,13 May,73,73,92,2004,2004,52,2019,2019,50,66,"1970, 2004",38,2020,2020,0.14,1.2,1974,1974
135,2020-05-14,0,14 May,73,72.1,92,1956,1956,51,2019,2019,49.5,65,"1985, 1956",32,1996,1996,0.15,1.25,2017,2017
136,2020-05-15,0,15 May,73,73.4,88,2004,2004,57,2019,2019,50.3,62,1976,37,2013,2013,0.07,0.71,1972,1972
137,2020-05-16,0,16 May,73,74.9,92,2004,2004,56,1978,1978,51.6,67,1976,36,2016,2016,0.17,3.46,2012,2012
138,2020-05-17,0,17 May,73,74.4,90,1974,1974,56,"2003, 1978",2003,51.6,67,1976,36,1983,1983,0.19,3.26,2014,2014
139,2020-05-18,0,18 May,73,73.8,96,1962,1962,58,2003,2003,52,67,2017,39,2010,2010,0.14,1.71,1985,1985
140,2020-05-19,0,19 May,73,73.6,98,1962,1962,53,1950,1950,52.5,70,2017,36,1973,1973,0.15,1.63,1950,1950
141,2020-05-20,0,20 May,73,73.5,94,1962,1962,53,1957,1957,51.6,69,1959,36,2002,2002,0.13,1.5,2000,2000
142,2020-05-21,0,21 May,73,74.3,93,1996,1996,54,2005,2005,51.9,68,"1959, 1996",36,2011,2011,0.12,1.02,1969,1969
143,2020-05-22,0,22 May,73,75.7,90,1974,1974,60,"1990, 2001, 2015",2015,52.8,72,1959,40,2002,2002,0.1,1.45,1960,1960
144,2020-05-23,0.97,23 May,73,75.7,93,1964,1964,58,1982,1982,53.3,68,1955,40,2006,2006,0.11,1.02,1949,1949
145,2020-05-24,0.32,24 May,73,75.9,94,2004,2004,54,1982,1982,53.9,74,2004,36,2015,2015,0.23,2.24,1979,1979
146,2020-05-25,0.01,25 May,73,76.4,94,2004,2004,55,1973,1973,54.2,69,1955,39,1956,1956,0.09,1.1,1952,1952
147,2020-05-26,0,26 May,73,76.1,98,2011,2011,56,1992,1992,54.9,74,2011,41,1972,1972,0.12,1.81,1997,1997
148,2020-05-27,0,27 May,73,76.4,93,2016,2016,55,"1973, 1961",1973,54.4,73,2018,41,1979,1979,0.11,1.76,2001,2001
149,2020-05-28,0.02,28 May,73,77.8,94,2016,2016,58,1996,1996,54.8,70,"1991, 2012",38,1994,1994,0.09,1.5,1991,1991
150,2020-05-29,0.03,29 May,73,77.7,94,1969,1969,59,1996,1996,55.7,72,2012,40,1949,1949,0.19,2.21,1968,1968
151,2020-05-30,0.43,30 May,73,78.4,94,2012,2012,61,1953,1953,56.2,72,2011,39,1949,1949,0.22,3.26,1984,1984
152,2020-05-31,0,31 May,73,79.3,93,1956,1956,57,"1984, 1953",1984,57.5,74,2011,40,1996,1996,0.09,1.65,1953,1953
153,2020-06-01,0,01 Jun,73,80.4,92,2015,2015,64,1953,1953,58.1,71,2013,44,1966,1966,0.15,1.73,1975,1975
154,2020-06-02,0,02 Jun,73,80.5,96,2013,2013,62,2003,2003,57.5,75,2013,42,1993,1993,0.13,1.45,1977,1977
155,2020-06-03,0,03 Jun,73,78.6,93,2000,2000,58,2015,2015,57.3,71,2010,44,1986,1986,0.17,1.8,1959,1959
156,2020-06-04,0.39,04 Jun,73,78.3,92,2014,2014,64,1979,1979,55.6,73,1960,44,1988,1988,0.15,1.14,2007,2007
157,2020-06-05,0.4,05 Jun,73,78.5,92,1966,1966,58,2003,2003,57.1,73,2010,44,1990,1990,0.11,1.15,1975,1975
158,2020-06-06,0.88,06 Jun,73,80,92,1973,1973,60,2009,2009,57.6,72,2010,42,1970,1970,0.13,1.54,2019,2019
159,2020-06-07,0,07 Jun,73,80.3,94,1971,1971,61,2000,2000,58.1,70,1986,42,2001,2001,0.1,1.72,2002,2002
160,2020-06-08,0,08 Jun,73,81,96,2008,2008,63,1955,1955,58.4,70,"1965, 2008",45,1997,1997,0.1,2.88,2013,2013
161,2020-06-09,0,09 Jun,73,82.4,100,2005,2005,60,1955,1955,59.4,74,2008,45,1997,1997,0.1,1.75,1955,1955
162,2020-06-10,0,10 Jun,73,82.7,97,2008,2008,60,1951,1951,59.4,74,"1984, 2008",44,1988,1988,0.11,3.45,2014,2014
163,2020-06-11,0.13,11 Jun,73,82.3,98,2008,2008,64,1955,1955,59.8,73,1984,41,1972,1972,0.16,3.37,2018,2018
164,2020-06-12,0.72,12 Jun,73,82.3,96,2000,2000,64,2004,2004,60.1,70,"1967, 2002, 2015, 2000",45,1979,1979,0.12,1.35,1975,1975
165,2020-06-13,0,13 Jun,73,81.6,96,2015,2015,60,1951,1951,60.7,73,2005,41,1979,1979,0.23,3.28,1968,1968
166,2020-06-14,0,14 Jun,73,80.6,96,1984,1984,58,1982,1982,59.6,75,2017,43,2011,2011,0.17,1.72,1953,1953
167,2020-06-15,0,15 Jun,73,81.1,96,2005,2005,63,1971,1971,59.5,74,2005,47,1953,1953,0.13,1.57,1990,1990
168,2020-06-16,0,16 Jun,73,82.2,100,1957,1957,63,1965,1965,59.6,70,"2001, 1956, 2015, 1994, 2005",44,2011,2011,0.07,1.43,1954,1954
169,2020-06-17,0,17 Jun,73,82.8,97,1957,1957,66,1959,1959,60.7,75,1952,48,1948,1948,0.19,3.61,2001,2001
170,2020-06-18,0.03,18 Jun,73,81.9,97,1957,1957,65,1978,1978,60.4,73,1957,45,1950,1950,0.08,0.73,1984,1984
171,2020-06-19,0.5,19 Jun,73,83,96,2014,2014,68,2009,2009,62.6,75,2017,50,1999,1999,0.16,1.69,1990,1990
172,2020-06-20,0.01,20 Jun,73,83.7,94,1964,1964,64,1958,1958,62,72,1976,51,1956,1956,0.16,2.26,2019,2019
173,2020-06-21,0.98,21 Jun,73,83.3,98,2012,2012,65,1952,1952,62.7,74,2012,52,2004,2004,0.1,2.14,2003,2003
174,2020-06-22,0.01,22 Jun,73,83.8,98,2012,2012,65,1952,1952,63.1,74,2012,48,1992,1992,0.15,1.76,1978,1978
175,2020-06-23,0,23 Jun,73,84.4,98,2013,2013,63,1972,1972,62.2,72,"2001, 2015",28,1966,1966,0.12,1.89,1972,1972
176,2020-06-24,0,24 Jun,73,85.7,98,2013,2013,67,1972,1972,62.8,75,2010,50,2007,2007,0.13,2.2,2017,2017
177,2020-06-25,0,25 Jun,73,85.4,97,1966,1966,62,1979,1979,63.6,74,"1976, 2002",47,1979,1979,0.1,1.13,1984,1984
178,2020-06-26,0,26 Jun,73,86.1,100,1952,1952,72,1972,1972,63.1,75,1952,49,1979,1979,0.05,0.67,2014,2014
179,2020-06-27,0.01,27 Jun,73,85.7,99,1963,1963,66,1968,1968,63.9,80,2002,52,1979,1979,0.11,1.62,2006,2006
180,2020-06-28,0.03,28 Jun,73,85.6,98,2010,2010,62,1974,1974,63.9,74,1966,50,1988,1988,0.16,2.53,2006,2006
181,2020-06-29,0.37,29 Jun,73,85.9,97,1959,1959,69,1985,1985,64.2,76,2010,54,2015,2015,0.12,1.61,1973,1973
182,2020-06-30,0,30 Jun,73,86.7,100,1964,1964,68,1967,1967,64.4,75,1959,47,1988,1988,0.14,2.48,1982,1982
183,2020-07-01,0,01 Jul,73,86.1,99,1964,1964,74,1984,1984,63.9,75,1955,48,1988,1988,0.08,1.52,2013,2013
184,2020-07-02,0,02 Jul,73,86.4,101,1966,1966,76,2007,2007,63.6,73,1963,51,1988,1988,0.1,0.77,1986,1986
185,2020-07-03,0,03 Jul,73,87.1,103,1966,1966,72,1979,1979,64.5,77,2018,48,2011,2011,0.07,1,1996,1996
186,2020-07-04,0.01,04 Jul,73,86,102,1966,1966,65,1978,1978,64.8,76,2002,52,2000,2000,0.13,2.81,1978,1978
187,2020-07-05,0,05 Jul,73,85.3,100,2002,2002,66,1978,1978,65,78,2012,50,1979,1979,0.07,0.72,2007,2007
188,2020-07-06,0,06 Jul,73,86.2,100,1999,1999,64,1979,1979,64.6,75,"2019, 2020, 1999",48,1979,1979,0.14,1.92,2020,2020
189,2020-07-07,1.59,07 Jul,73,86.1,101,2010,2010,74,2017,2017,64.3,78,2013,51,1979,1979,0.11,0.9,"1984, 1975",1984
190,2020-07-08,0,08 Jul,73,87.2,102,2012,2012,73,1964,1964,64.8,76,"1986, 2010, 2012",53,1979,1979,0.05,0.61,2005,2005
191,2020-07-09,0.01,09 Jul,73,86.8,97,1993,1993,68,1964,1964,65.6,77,1986,54,1984,1984,0.17,2.87,1952,1952
192,2020-07-10,0,10 Jul,73,86.8,97,1993,1993,76,2016,2016,65.2,76,1981,54,1953,1953,0.13,1.58,2015,2015
193,2020-07-11,2.89,11 Jul,73,86.3,98,1988,1988,73,1965,1965,64.2,76,2013,53,1996,1996,0.14,3.16,2020,2020
194,2020-07-12,0.01,12 Jul,73,86.5,96,2011,2011,71,1990,1990,64.5,76,2011,53,1978,1978,0.15,2.08,1965,1965
195,2020-07-13,0.08,13 Jul,73,86.3,98,1954,1954,66,1990,1990,65.2,74,"2017, 2006, 2011",56,2004,2004,0.27,2.82,2004,2004
196,2020-07-14,0,14 Jul,73,86.7,101,1954,1954,72,1963,1963,65.8,74,2013,52,2002,2002,0.25,1.64,1993,1993
197,2020-07-15,0,15 Jul,73,86.5,98,1995,1995,70,1978,1978,66,76,1995,54,1999,1999,0.19,2.24,1959,1959
198,2020-07-16,0,16 Jul,73,87.7,100,1983,1983,75,1962,1962,65.6,77,1955,56,2004,2004,0.16,1.91,1961,1961
199,2020-07-17,0,17 Jul,73,88.5,101,1983,1983,76,1962,1962,66.2,77,1983,54,1987,1987,0.08,1.19,2009,2009
200,2020-07-18,0,18 Jul,73,89.3,100,1953,1953,71,"1962, 1951",1962,67.8,80,"2012, 2013",54,1976,1976,0.09,1.05,1949,1949
201,2020-07-19,0,19 Jul,73,89.3,102,2012,2012,70,2000,2000,67.7,80,"2013, 2011",55,2000,2000,0.1,1.29,1993,1993
202,2020-07-20,0,20 Jul,73,88.4,100,"2011, 2013",2013,75,1951,1951,67.2,77,2015,54,1997,1997,0.15,2.02,1959,1959
203,2020-07-21,0,21 Jul,73,88.1,103,1957,1957,72,2012,2012,66.7,80,2011,54,1966,1966,0.16,2.46,1981,1981
204,2020-07-22,0.09,22 Jul,73,88.4,102,"1955, 2011",2011,73,1958,1958,67,80,2011,55,1950,1950,0.13,1.17,1964,1964
205,2020-07-23,0.4,23 Jul,73,87.8,106,2011,2011,71,1969,1969,67.2,80,2011,54,1950,1950,0.17,1.86,1953,1953
206,2020-07-24,1.3,24 Jul,73,86.2,108,2011,2011,69,1997,1997,65.9,80,2011,54,2007,2007,0.18,1.54,2008,2008
207,2020-07-25,0.27,25 Jul,73,86.6,100,2011,2011,71,1964,1964,65.1,82,2010,53,1953,1953,0.18,2.58,1968,1968
208,2020-07-26,0,26 Jul,73,86.6,99,1963,1963,73,2013,2013,65.6,78,2001,51,1977,1977,0.16,3.6,2000,2000
209,2020-07-27,0,27 Jul,73,87.3,99,"1955, 2005",2005,75,1960,1960,66.7,75,2005,53,1977,1977,0.21,4.83,1986,1986
210,2020-07-28,0,28 Jul,73,87.8,102,2005,2005,75,"1984, 1951",1984,66.1,74,2003,53,1977,1977,0.21,2.71,1982,1982
211,2020-07-29,0,29 Jul,73,87.1,96,"2015, 1949, 2002",2015,75,1984,1984,66.5,74,"2010, 2019, 2020, 1964, 2002",53,1977,1977,0.15,3.46,1969,1969
212,2020-07-30,0,30 Jul,73,86.4,100,2002,2002,73,1979,1979,65.4,76,2002,54,1997,1997,0.17,2.6,1960,1960
213,2020-07-31,0.65,31 Jul,73,87,101,1954,1954,71,1989,1989,66,75,1959,55,1997,1997,0.11,2.53,1971,1971
214,2020-08-01,0.02,01 Aug,73,87.2,100,1983,1983,71,1978,1978,66.5,75,1999,57,1998,1998,0.11,1.32,1970,1970
215,2020-08-02,0,02 Aug,73,87,101,1955,1955,70,1953,1953,66.2,80,2006,53,1998,1998,0.21,4.25,1973,1973
216,2020-08-03,0,03 Aug,73,87.3,102,2002,2002,72,1964,1964,66.2,82,2006,53,1953,1953,0.2,5.02,1973,1973
217,2020-08-04,1.95,04 Aug,73,86.3,100,2006,2006,72,1951,1951,66,80,2006,49,1951,1951,0.19,2.44,1967,1967
218,2020-08-05,5.05,05 Aug,73,86.2,100,"2002, 2005, 1955",2005,71,1959,1959,65.4,76,"2010, 2012",48,1951,1951,0.23,5.85,2020,2020
219,2020-08-06,0.01,06 Aug,73,85.8,104,2005,2005,71,1956,1956,64.1,76,1955,48,1951,1951,0.16,2.75,2003,2003
220,2020-08-07,0.14,07 Aug,73,85.5,96,"2001, 2012",2012,72,"1975, 1951",1975,64.4,77,2006,50,1994,1994,0.08,0.83,1952,1952
221,2020-08-08,0.23,08 Aug,73,85.8,100,2001,2001,70,2017,2017,65.2,76,"2005, 2007, 2011, 2001",51,1989,1989,0.14,1.73,1985,1985
222,2020-08-09,0.01,09 Aug,73,86.2,100,2001,2001,69,1964,1964,65.7,76,"2010, 1968, 2001",51,1989,1989,0.07,1.03,1959,1959
223,2020-08-10,0,10 Aug,73,86,106,2001,2001,65,1962,1962,65.8,74,"1968, 2001",54,1999,1999,0.27,2.75,2012,2012
224,2020-08-11,0,11 Aug,73,86.4,102,2001,2001,72,1989,1989,65.1,74,"2020, 2010, 2016, 2001",52,1972,1972,0.14,1.82,2018,2018
225,2020-08-12,0,12 Aug,73,85.2,99,2016,2016,70,1979,1979,64.8,75,2020,54,1974,1974,0.13,1.53,1982,1982
226,2020-08-13,0,13 Aug,73,83.7,102,2005,2005,56,1979,1979,64.1,74,1988,51,1950,1950,0.26,3.95,1955,1955
227,2020-08-14,0.03,14 Aug,73,84.7,104,2005,2005,71,2000,2000,64.3,78,2016,51,1982,1982,0.19,3.45,2018,2018
228,2020-08-15,0,15 Aug,73,86.2,102,2005,2005,70,1992,1992,64.8,75,1988,51,1964,1964,0.08,1.47,2019,2019
229,2020-08-16,0.19,16 Aug,73,85.8,98,2002,2002,62,1979,1979,65,76,1969,50,1979,1979,0.03,0.67,1958,1958
230,2020-08-17,0.18,17 Aug,73,85.4,98,2002,2002,70,"1992, 1979",1992,64.9,76,2002,45,1979,1979,0.11,1.3,1966,1966
231,2020-08-18,0.04,18 Aug,73,85.3,100,2002,2002,67,2000,2000,63.8,76,2002,50,1979,1979,0.12,1.04,1998,1998
232,2020-08-19,0,19 Aug,73,84.3,98,2002,2002,66,1979,1979,63.1,76,2002,50,1953,1953,0.12,4.92,1955,1955
233,2020-08-20,0.03,20 Aug,73,83.9,98,2002,2002,69,1988,1988,62.8,73,2015,48,1949,1949,0.14,1.92,2011,2011
234,2020-08-21,0,21 Aug,73,84.3,100,1983,1983,65,1990,1990,62.2,75,2009,47,1977,1977,0.19,2.03,1994,1994
235,2020-08-22,0,22 Aug,73,83.7,96,2005,2005,65,1986,1986,61.5,76,1959,47,1982,1982,0.21,2.5,2009,2009
236,2020-08-23,0,23 Aug,73,83.4,96,1983,1983,70,"2007, 1981",2007,61.2,74,"1964, 1968",49,1952,1952,0.1,2,1970,1970
237,2020-08-24,0.06,24 Aug,73,82.8,95,1972,1972,69,1967,1967,61.1,72,1972,48,1952,1952,0.12,1.19,1996,1996
238,2020-08-25,0,25 Aug,73,83.9,96,1968,1968,69,1967,1967,61.8,72,"2007, 1961, 1972",48,1987,1987,0.07,1.23,1967,1967
239,2020-08-26,0,26 Aug,73,84.5,98,"2007, 1948",2007,72,1985,1985,62,73,"1961, 1975",50,2019,2019,0.1,1.37,1999,1999
240,2020-08-27,0,27 Aug,73,85.5,99,"1953, 1948",1953,71,1971,1971,63.2,74,1976,53,1963,1963,0.13,2.77,1972,1972
241,2020-08-28,0,28 Aug,73,85.5,99,1973,1973,71,1987,1987,64.2,75,1973,52,1968,1968,0.3,6.45,2011,2011
242,2020-08-29,0.76,29 Aug,73,84.9,98,1953,1953,59,1986,1986,64.4,74,2018,42,1982,1982,0.12,1.65,1949,1949
243,2020-08-30,0.12,30 Aug,73,85.2,100,1953,1953,65,2017,2017,63.2,75,"1960, 2018",40,1982,1982,0.11,1.84,1959,1959
244,2020-08-31,0,31 Aug,73,84.6,102,1953,1953,72,2002,2002,63.4,76,2005,47,1986,1986,0.14,2.45,1954,1954
245,2020-09-01,0.03,01 Sep,73,83.7,98,1953,1953,67,1985,1985,62,74,2000,50,"1967, 1986, 1948",1986,0.11,1.3,1959,1959
246,2020-09-02,0.01,02 Sep,73,82.7,102,1953,1953,66,2002,2002,61.5,74,"1959, 2013",45,1991,1991,0.12,2.12,1952,1952
247,2020-09-03,0.03,03 Sep,73,82.7,101,1953,1953,66,1986,1986,61.1,73,"1993, 1957",47,"1991, 1967",1991,0.15,1.48,2006,2006
248,2020-09-04,0.53,04 Sep,73,82.8,95,"1964, 2015",2015,69,1974,1974,60.9,74,1970,48,"1997, 1987",1997,0.14,3.17,1963,1963
249,2020-09-05,0.01,05 Sep,73,82.5,94,2008,2008,67,"1963, 1962",1963,61,74,2012,45,2000,2000,0.04,1.13,1988,1988
250,2020-09-06,0,06 Sep,73,81.2,93,"2018, 1983",2018,65,1963,1963,60,75,2018,44,1988,1988,0.12,3.74,1979,1979
251,2020-09-07,0,07 Sep,73,81.8,100,1983,1983,67,"2017, 2019",2019,59.4,73,1983,44,1984,1984,0.16,3.59,2011,2011
252,2020-09-08,0,08 Sep,73,81.7,94,1983,1983,70,1952,1952,59.3,72,"2012, 1985",44,1988,1988,0.08,2.2,2018,2018
253,2020-09-09,0,09 Sep,73,81,98,2016,2016,68,1979,1979,59,72,"2004, 2015, 2016",44,"1986, 1952",1986,0.09,1.46,1981,1981
254,2020-09-10,0.22,10 Sep,73,81,97,2015,2015,68,1954,1954,59.1,73,1959,43,1949,1949,0.09,1.5,1999,1999
255,2020-09-11,0.2,11 Sep,73,80.9,98,2016,2016,68,2018,2018,58,76,2016,43,1995,1995,0.13,1.67,2009,2009
256,2020-09-12,0.01,12 Sep,73,79.7,98,1983,1983,66,2009,2009,57.5,72,2013,43,1993,1993,0.17,2.95,1971,1971
257,2020-09-13,0,13 Sep,73,80.1,95,1952,1952,62,1964,1964,56.8,71,1961,45,"1985, 1958, 1967",1985,0.18,3.68,1960,1960
258,2020-09-14,0,14 Sep,73,79.6,92,"2005, 2007",2007,64,1985,1985,58,71,1961,41,1953,1953,0.19,3.9,1971,1971
259,2020-09-15,0,15 Sep,73,78.7,95,2016,2016,62,1963,1963,57.2,72,2003,43,"1975, 1985",1985,0.13,2.84,1966,1966
260,2020-09-16,0,16 Sep,73,77.8,93,"2008, 1970",2008,61,1963,1963,55.6,70,"1957, 2005",36,2000,2000,0.12,1.65,2003,2003
261,2020-09-17,0,17 Sep,73,77.2,93,1991,1991,64,"1959, 1986, 1993",1993,55.9,72,2002,42,"1959, 1986",1986,0.26,7.19,1999,1999
262,2020-09-18,0,18 Sep,73,77.3,91,1965,1965,65,"2009, 1990",2009,55.6,70,1972,34,2014,2014,0.12,1.98,1958,1958
263,2020-09-19,0,19 Sep,73,77.2,91,1965,1965,65,1990,1990,55.3,70,2016,42,"1990, 2020",2020,0.18,2.4,2004,2004
264,2020-09-20,0,20 Sep,73,76.9,94,1983,1983,62,1962,1962,55.2,70,2005,39,"2020, 1993",2020,0.08,2.66,1989,1989
265,2020-09-21,0,21 Sep,73,76.3,95,1983,1983,60,1982,1982,55.1,71,"1989, 1965",37,1962,1962,0.11,1.52,2001,2001
266,2020-09-22,0,22 Sep,73,76.5,94,1970,1970,60,1963,1963,54.9,72,"1957, 1965",38,"2020, 1991",2020,0.23,3.3,1966,1966
267,2020-09-23,0,23 Sep,73,75.8,95,1970,1970,60,"1974, 1977",1977,53.4,72,1970,40,"1974, 2020",2020,0.13,1.85,1975,1975
268,2020-09-24,0,24 Sep,73,74.7,96,1970,1970,61,1950,1950,51.5,72,1970,35,"1963, 1974",1974,0.1,1.7,2011,2011
269,2020-09-25,0,25 Sep,73,74,95,1970,1970,56,1950,1950,51.8,71,1970,38,"1950, 1997, 1963",1997,0.16,2.87,1991,1991
270,2020-09-26,0,26 Sep,73,74.1,92,1970,1970,57,2000,2000,52.5,70,1970,40,"2000, 1949",2000,0.14,1.8,2008,2008
271,2020-09-27,0.1,27 Sep,73,74.8,92,2007,2007,57,1966,1966,52.5,68,"2011, 2017",38,1957,1957,0.17,4.04,1985,1985
272,2020-09-28,0.38,28 Sep,73,74.5,89,2017,2017,55,1956,1956,53.4,70,"1959, 2017",36,1989,1989,0.18,1.38,1985,1985
273,2020-09-29,0.01,29 Sep,73,73.2,88,2007,2007,50,1984,1984,51.8,72,1959,37,1951,1951,0.23,6.06,2004,2004
274,2020-09-30,1,30 Sep,73,72.1,87,1953,1953,59,1992,1992,51.1,70,1954,34,1951,1951,0.16,2.47,2015,2015
275,2020-10-01,0.01,01 Oct,73,72.1,87,1986,1986,58,2001,2001,49.8,71,1954,33,1993,1993,0.18,7,2010,2010
276,2020-10-02,0.16,02 Oct,73,72.4,87,1968,1968,56,1984,1984,50.5,70,1954,33,1997,1997,0.12,1.18,1966,1966
277,2020-10-03,0.02,03 Oct,73,72.5,92,2019,2019,52,1974,1974,50.3,66,1969,32,1974,1974,0.11,1.83,2015,2015
278,2020-10-04,0,04 Oct,73,70.8,87,2002,2002,54,2015,2015,49.6,70,1954,30,1974,1974,0.07,1.19,1987,1987
279,2020-10-05,0,05 Oct,73,71.4,90,"2013, 1959",2013,53,1965,1965,49.7,67,1959,33,1996,1996,0.04,0.42,1999,1999
280,2020-10-06,0,06 Oct,73,71.6,90,2013,2013,56,2010,2010,48,68,"1959, 2013",33,1992,1992,0.09,2.36,1995,1995
281,2020-10-07,0,07 Oct,73,70.2,87,1963,1963,56,1988,1988,47.6,71,1959,33,1992,1992,0.09,1.48,1972,1972
282,2020-10-08,0,08 Oct,73,70,88,"2016, 2007",2016,54,"1988, 2012",2012,47.1,70,2005,32,"2000, 1964, 1999",2000,0.11,2.73,2005,2005
283,2020-10-09,0,09 Oct,73,70.6,90,2007,2007,51,2000,2000,48.2,72,2017,30,1988,1988,0.13,1.99,2005,2005
284,2020-10-10,0,10 Oct,73,70.9,88,2007,2007,55,2000,2000,47.9,67,2018,30,2001,2001,0.12,1.76,1971,1971
285,2020-10-11,0,11 Oct,73,69.4,87,2013,2013,35,1979,1979,46.8,70,2018,29,1979,1979,0.11,1.5,1971,1971
286,2020-10-12,0.69,12 Oct,73,68.4,86,"1954, 1962",1962,46,1979,1979,45.8,65,1954,31,1996,1996,0.11,1.7,2007,2007
287,2020-10-13,0.25,13 Oct,73,68.4,89,1954,1954,52,"1988, 1979",1988,45.6,66,1990,32,"1988, 1987, 2012",2012,0.03,0.42,1983,1983
288,2020-10-14,0.01,14 Oct,73,68.4,82,"1954, 1978, 2001",2001,47,1979,1979,45.8,65,"1970, 1954",28,1988,1988,0.05,0.67,2004,2004
289,2020-10-15,0,15 Oct,73,69.5,84,"1975, 1956",1975,46,1977,1977,46,62,2014,31,"2006, 1987, 1981",2006,0.13,1.94,1995,1995
290,2020-10-16,0.01,16 Oct,73,68.6,84,1958,1958,44,2009,2009,44.7,60,1960,32,2006,2006,0.12,1.29,1955,1955
291,2020-10-17,0,17 Oct,73,67.3,83,1963,1963,43,2009,2009,44.5,61,1989,34,1994,1994,0.11,1.61,2019,2019
292,2020-10-18,0,18 Oct,73,66.1,85,2016,2016,46,2009,2009,43.6,59,"1956, 1968",31,1978,1978,0.09,0.86,"2006, 1975",2006
293,2020-10-19,0,19 Oct,73,65,86,2016,2016,43,1972,1972,42.5,60,"1968, 2007",26,"1974, 1948",1974,0.15,1.86,1966,1966
294,2020-10-20,0,20 Oct,73,64.9,88,2016,2016,45,1952,1952,42,60,2011,27,"1952, 1992, 1972",1992,0.17,1.8,1968,1968
295,2020-10-21,0,21 Oct,73,64.9,83,1963,1963,50,1974,1974,42,62,2016,26,1972,1972,0.08,1.24,1976,1976
296,2020-10-22,0.01,22 Oct,73,65.4,83,1984,1984,50,2018,2018,42.1,61,1965,27,1974,1974,0.09,1.88,1970,1970
297,2020-10-23,0,23 Oct,73,65.4,80,"2007, 1978, 2015",2015,46,1969,1969,42.8,61,1956,27,1997,1997,0.15,2.68,1970,1970
298,2020-10-24,0,24 Oct,73,65.2,80,2007,2007,48,2003,2003,43,64,2007,26,1969,1969,0.1,1.62,1983,1983
299,2020-10-25,0,25 Oct,73,63.3,84,2001,2001,48,2002,2002,42.2,62,2001,30,"1981, 2003",2003,0.1,1.65,2009,2009
300,2020-10-26,0.17,26 Oct,73,62.5,80,"2007, 1963",2007,43,1962,1962,40.7,61,1963,26,1952,1952,0.15,2.21,1980,1980
301,2020-10-27,0.08,27 Oct,73,62.6,85,1963,1963,44,1957,1957,41.5,62,1984,26,1988,1988,0.14,4.45,2007,2007
302,2020-10-28,0.01,28 Oct,73,63,78,1984,1984,44,1976,1976,41.4,60,"1971, 1984",26,1976,1976,0.16,1.48,2006,2006
303,2020-10-29,0.32,29 Oct,73,62.5,83,1984,1984,48,1952,1952,40.2,62,1984,27,1976,1976,0.17,1.61,1973,1973
304,2020-10-30,1.83,30 Oct,73,61.4,79,1961,1961,46,2002,2002,38.8,54,1956,27,1990,1990,0.18,2.72,2012,2012
305,2020-10-31,0.06,31 Oct,73,61.8,81,2016,2016,40,2002,2002,39.9,59,"1971, 1956",23,1988,1988,0.08,0.88,1993,1993
306,2020-11-01,0.01,01 Nov,73,62,84,1950,1950,42,1951,1951,41.1,64,1956,26,1983,1983,0.08,1.67,1951,1951
307,2020-11-02,0.3,02 Nov,73,62.4,85,1971,1971,42,1951,1951,41.9,64,1971,25,1983,1983,0.1,1.97,1956,1956
308,2020-11-03,0.01,03 Nov,73,62.4,82,1982,1982,42,1951,1951,41,62,1982,26,1951,1951,0.18,1.64,1951,1951
309,2020-11-04,0,04 Nov,73,60.6,82,2003,2003,45,1966,1966,39.4,63,1961,25,1951,1951,0.06,1.46,1962,1962
310,2020-11-05,0,05 Nov,73,59.5,81,1961,1961,41,1967,1967,39.2,63,1961,25,1991,1991,0.16,1.64,1970,1970
311,2020-11-06,0,06 Nov,73,57.8,77,1948,1948,36,1953,1953,38.3,60,1948,20,1991,1991,0.11,1.6,2003,2003
312,2020-11-07,0,07 Nov,73,57.7,78,2015,2015,39,1953,1953,37.4,56,2015,24,1991,1991,0.15,2.51,1963,1963
313,2020-11-08,0,08 Nov,73,57.1,75,1975,1975,40,2012,2012,37.3,61,1975,23,1993,1993,0.1,1.93,1977,1977
314,2020-11-09,0,09 Nov,73,57.8,76,"2014, 2020, 2011",2020,40,1976,1976,36.6,56,"2006, 1986",21,"1992, 2014",2014,0.11,3.04,1972,1972
315,2020-11-10,0,10 Nov,73,57.7,75,2020,2020,41,1973,1973,36.6,60,1966,22,2003,2003,0.14,1.65,1962,1962
316,2020-11-11,0,11 Nov,73,56.7,75,2020,2020,37,1987,1987,36.3,58,2002,21,1973,1973,0.09,1.54,1987,1987
317,2020-11-12,1.22,12 Nov,73,56.8,77,2015,2015,40,"2017, 1977",2017,36.1,58,2020,21,2017,2017,0.13,1.76,2020,2020
318,2020-11-13,0.15,13 Nov,73,54.8,73,1964,1964,38,2013,2013,35.7,55,1964,22,"1996, 2019",2019,0.15,1.75,1975,1975
319,2020-11-14,0.07,14 Nov,73,54.8,74,1955,1955,34,2019,2019,36,56,"1961, 1951",19,1986,1986,0.06,0.65,2008,2008
320,2020-11-15,0,15 Nov,73,56,77,1993,1993,36,1986,1986,35.9,56,"1989, 1993",14,1986,1986,0.1,1.53,1972,1972
321,2020-11-16,0.51,16 Nov,72,56.6,71,"2005, 1956, 1973",2005,37,1967,1967,36.2,52,"2011, 2006",18,1996,1996,0.12,1.62,2018,2018
322,2020-11-17,0,17 Nov,72,54.7,72,"2001, 2006",2006,42,1997,1997,35.4,52,2006,20,1996,1996,0.13,1.46,1985,1985
323,2020-11-18,0,18 Nov,72,54.1,76,1963,1963,31,1959,1959,34.4,54,1958,20,"1959, 1997",1997,0.08,1.03,1956,1956
324,2020-11-19,0,19 Nov,72,54.4,74,"2003, 2006",2006,35,1951,1951,33.9,55,1954,18,2014,2014,0.07,1.07,1986,1986
325,2020-11-20,0,20 Nov,72,54.1,72,"2016, 1948",2016,34,1951,1951,34.3,57,1954,20,"2014, 2000",2014,0.16,1.85,2003,2003
326,2020-11-21,,21 Nov,72,53.2,76,1985,1985,37,"1969, 1984",1984,33.8,55,1991,20,"1987, 2014",2014,0.12,1.99,1952,1952
327,2020-11-22,,22 Nov,72,51.6,69,1953,1953,34,"1987, 1964, 1989",1989,33.7,57,1991,18,1987,1987,0.13,2.65,1952,1952
328,2020-11-23,,23 Nov,72,51.4,72,2007,2007,30,2018,2018,32.1,54,1999,14,2018,2018,0.13,2.05,2011,2011
329,2020-11-24,,24 Nov,72,52.1,71,1979,1979,34,2018,2018,32.7,55,1999,13,1989,1989,0.08,1.15,2019,2019
330,2020-11-25,,25 Nov,72,51.9,74,2014,2014,32,2013,2013,32.8,58,1979,17,1989,1989,0.16,3,2018,2018
331,2020-11-26,,26 Nov,72,52.6,68,"2004, 2001, 1979",2004,39,"1985, 1950",1985,32.5,60,1979,18,2005,2005,0.18,1.9,1950,1950
332,2020-11-27,,27 Nov,72,53,70,2011,2011,38,"1978, 1974",1978,32.6,47,1979,18,"1974, 1991",1991,0.2,2.59,2013,2013
333,2020-11-28,,28 Nov,72,52.9,69,2015,2015,32,1996,1996,32.8,51,1973,17,1996,1996,0.12,2.23,2004,2004
334,2020-11-29,,29 Nov,72,51.5,70,2011,2011,31,1955,1955,32.1,53,2005,15,1955,1955,0.15,1.54,1958,1958
335,2020-11-30,,30 Nov,72,48,69,1991,1991,28,1958,1958,30.6,48,2001,15,1976,1976,0.15,2,1987,1987
336,2020-12-01,,01 Dec,72,48.2,72,2006,2006,24,1976,1976,30.2,52,"1991, 2001",16,"1976, 1967",1976,0.11,1.44,2016,2016
337,2020-12-02,,02 Dec,72,49.1,72,"2006, 2001",2006,32,1976,1976,30,46,2015,11,1967,1967,0.11,1.77,1996,1996
338,2020-12-03,,03 Dec,72,49.9,73,2006,2006,28,1966,1966,29.8,49,1982,10,1976,1976,0.11,1.6,2009,2009
339,2020-12-04,,04 Dec,72,48.9,72,1998,1998,25,1976,1976,30.2,50,1982,11,1976,1976,0.11,1.28,1990,1990
340,2020-12-05,,05 Dec,72,48.3,71,1982,1982,32,"2002, 1989, 1985",2002,30.9,55,1982,14,1976,1976,0.14,2.5,1993,1993
341,2020-12-06,,06 Dec,72,47.9,76,2001,2001,30,1954,1954,30.7,54,1982,12,1976,1976,0.14,1.42,1996,1996
342,2020-12-07,,07 Dec,72,47.5,74,1956,1956,30,"1958, 2003",2003,29.9,52,2001,16,2002,2002,0.15,1.18,1971,1971
343,2020-12-08,,08 Dec,72,46.1,68,1966,1966,29,1989,1989,28.9,52,1951,12,2002,2002,0.17,2.05,2011,2011
344,2020-12-09,,09 Dec,72,45,72,1966,1966,24,1976,1976,28.1,49,1978,10,2002,2002,0.16,2,1978,1978
345,2020-12-10,,10 Dec,72,45.2,69,1966,1966,25,1958,1958,27.6,52,1966,12,"1989, 1995",1995,0.12,0.85,2019,2019
346,2020-12-11,,11 Dec,72,44.6,71,1971,1971,22,"1958, 1995",1995,27.7,46,2004,10,"1958, 1968",1968,0.18,2.52,1992,1992
347,2020-12-12,,12 Dec,72,43.9,66,2015,2015,23,"1960, 1988, 1957",1988,28.3,45,"1964, 1959",4,1988,1988,0.17,2.65,2008,2008
348,2020-12-13,,13 Dec,72,44.7,72,2015,2015,20,1960,1960,28,46,1956,5,1988,1988,0.11,1.82,1983,1983
349,2020-12-14,,14 Dec,72,43.4,72,2015,2015,26,1976,1976,27.9,48,2015,8,1989,1989,0.2,2.38,1996,1996
350,2020-12-15,,15 Dec,72,43.2,68,2015,2015,22,2005,2005,26.7,43,1983,10,"2005, 1960",2005,0.14,1.5,2013,2013
351,2020-12-16,,16 Dec,72,43.8,68,1971,1971,22,1951,1951,27.2,47,1971,9,1951,1951,0.16,1.78,2005,2005
352,2020-12-17,,17 Dec,72,42.8,62,2000,2000,22,1951,1951,26.9,47,2015,1,1951,1951,0.14,2.05,2000,2000
353,2020-12-18,,18 Dec,72,43,63,1984,1984,24,1979,1979,26.5,43,1996,10,1989,1989,0.09,1,1951,1951
354,2020-12-19,,19 Dec,72,42.4,69,2006,2006,25,1989,1989,25.4,44,1957,6,1989,1989,0.09,1.61,1977,1977
355,2020-12-20,,20 Dec,72,41.5,64,1957,1957,24,1955,1955,24.6,57,1957,8,"1963, 2004",2004,0.06,0.77,1948,1948
356,2020-12-21,,21 Dec,72,41.6,67,2015,2015,22,2004,2004,25.8,44,1956,6,2004,2004,0.24,2.64,2012,2012
357,2020-12-22,,22 Dec,72,42.1,68,2013,2013,18,1989,1989,25.2,46,1990,3,1989,1989,0.08,0.96,1972,1972
358,2020-12-23,,23 Dec,72,43.7,66,2013,2013,20,1989,1989,26.3,53,1990,2,1989,1989,0.13,1.9,2011,2011
359,2020-12-24,,24 Dec,72,43.8,70,2015,2015,21,1989,1989,27.2,58,2015,2,1989,1989,0.14,1.3,2004,2004
360,2020-12-25,,25 Dec,72,43.2,72,2015,2015,18,2000,2000,25.9,56,2015,-10,1983,1983,0.12,2.09,1986,1986
361,2020-12-26,,26 Dec,72,41.7,70,2015,2015,10,1980,1980,24.5,52,2015,-1,1980,1980,0.13,1.62,1969,1969
362,2020-12-27,,27 Dec,72,40.7,62,"1973, 1949, 1982",1982,17,1983,1983,24,52,1949,3,"1980, 1948",1980,0.11,1.85,2009,2009
363,2020-12-28,,28 Dec,72,42.3,70,2015,2015,20,2000,2000,24.9,40,2008,2,1950,1950,0.07,1.13,1964,1964
364,2020-12-29,,29 Dec,72,43.1,70,2015,2015,21,2017,2017,26.1,42,1982,11,2000,2000,0.11,1.37,1967,1967
365,2020-12-30,,30 Dec,72,43.1,74,1984,1984,24,2017,2017,26.4,51,1984,3,1962,1962,0.12,1.2,1948,1948
366,2020-12-31,,31 Dec,72,42.2,66,"2008, 1965",2008,21,1976,1976,24.2,43,1992,0,1962,1962,0.08,1.3,1948,1948